{"cameraMode":{"drawMode":0,"name":"Shaded","section":"Shading Mode"},"sceneLighting":true,"audioPlay":false,"sceneViewState":{"m_AlwaysRefresh":false,"showFog":false,"showSkybox":true,"showFlares":true,"showImageEffects":true,"showParticleSystems":true,"showVisualEffectGraphs":true,"m_FxEnabled":true},"in2DMode":false,"pivot":{"x":40.13718032836914,"y":8.621824264526368,"z":-40.109527587890628},"rotation":{"x":0.3063793182373047,"y":-0.15753455460071565,"z":0.051484670490026477,"w":0.9373868107795715},"size":20.272438049316408,"orthographic":false}