{"cameraMode":{"drawMode":0,"name":"Shaded","section":"Shading Mode"},"sceneLighting":true,"audioPlay":false,"sceneViewState":{"m_AlwaysRefresh":false,"showFog":false,"showSkybox":true,"showFlares":true,"showImageEffects":true,"showParticleSystems":true,"showVisualEffectGraphs":true,"m_FxEnabled":true},"in2DMode":false,"pivot":{"x":25.56885528564453,"y":42.74571228027344,"z":66.69721984863281},"rotation":{"x":0.5532532930374146,"y":-0.04866677522659302,"z":0.032402120530605319,"w":0.8309687972068787},"size":115.21424102783203,"orthographic":true}